id,email,age,date_of_birth,gender
1,user@gmail.com,44,2024-09-08,0
2,gtwinborne1@gmail.com,67,1912-08-02,0
3,pdreye2@gmail.com,14,1922-11-02,1
4,lmcnutt3@gmail.com,100,1965-04-15,1
5,ewims4@gmail.com,52,1980-11-06,0
6,cgrumley5@gmail.com,14,1994-10-18,1
7,jbabington6@gmail.com,49,1901-04-15,0
8,nvauter7@gmail.com,22,1944-02-09,1
9,gsimonazzi8@gmail.com,32,2013-10-22,2
10,rgoligly9@gmail.com,53,1944-01-09,2
11,fsodorya@gmail.com,59,1975-03-07,0
12,trenihanb@gmail.com,81,1992-06-13,0
13,rklimusc@gmail.com,74,1905-02-25,1
14,lcatord@gmail.com,25,2024-11-30,2
15,btrussee@gmail.com,95,1913-10-31,0
16,amuttonf@gmail.com,56,1906-10-23,0
17,dbanischg@gmail.com,44,1909-03-14,1
18,gmcilriachh@gmail.com,15,2007-04-04,1
19,jledgleyi@gmail.com,91,1939-09-07,1
20,pdenmanj@gmail.com,37,1955-01-11,0
21,dlyttlek@gmail.com,52,1936-11-14,1
22,dhanselll@gmail.com,94,2014-05-27,1
23,mbraunsteinm@gmail.com,77,1986-02-10,2
24,tmccoidn@gmail.com,16,1956-06-26,1
25,hjouaneto@gmail.com,66,1991-09-21,0
26,fillidgep@gmail.com,51,1954-01-06,1
27,rspeaksq@gmail.com,98,2008-10-16,0
28,nkasr@gmail.com,46,1909-04-02,1
29,egiblings@gmail.com,60,1996-09-12,0
30,mkunatt@gmail.com,83,2021-11-17,2
31,jpastoru@gmail.com,27,1943-08-02,1
32,jtoplisv@gmail.com,39,1957-10-19,1
33,ayurocjhinw@gmail.com,94,1958-05-21,0
34,pcalfx@gmail.com,74,1972-07-31,1
35,screey@gmail.com,58,2001-04-11,0
36,gdurkinz@gmail.com,16,2007-09-23,0
37,iodom10@gmail.com,38,1910-09-15,1
38,pcomolli11@gmail.com,64,1925-02-01,0
39,emaccafferty12@gmail.com,59,1930-04-20,1
40,alillywhite13@gmail.com,80,2002-02-18,0
41,gbraisby14@gmail.com,63,1983-01-16,0
42,slattos15@gmail.com,28,1921-01-25,0
43,ctonnesen16@gmail.com,88,1959-05-03,2
44,aormonde17@gmail.com,12,1946-07-28,0
45,dforte18@gmail.com,82,1957-12-15,0
46,ntancock19@gmail.com,28,1993-10-04,1
47,dgerin1a@gmail.com,69,1992-07-11,1
48,mpandey1b@gmail.com,52,1949-03-23,1
49,pgillopp1c@gmail.com,59,1985-12-02,2
50,tjurkiewicz1d@gmail.com,78,1936-08-05,2
51,hpeaple1e@gmail.com,91,1955-03-26,1
52,bcasford1f@gmail.com,45,1992-09-15,0
53,gdoll1g@gmail.com,75,1957-11-26,0
54,kryde1h@gmail.com,86,1986-05-26,2
55,cfreear1i@gmail.com,70,2021-02-17,2
56,sanyon1j@gmail.com,86,2010-03-30,2
57,gmckeaney1k@gmail.com,32,2012-10-16,1
58,lpitkeathley1l@gmail.com,44,1985-03-14,0
59,mpaddington1m@gmail.com,32,1995-04-29,2
60,cmarsay1n@gmail.com,51,1983-05-06,1
61,kdonson1o@gmail.com,27,1903-12-19,0
62,cskey1p@gmail.com,81,1987-08-27,0
63,ldundredge1q@gmail.com,51,1975-05-19,2
64,mpottie1r@gmail.com,68,1983-11-09,0
65,rviegas1s@gmail.com,27,1903-04-05,2
66,cbirtle1t@gmail.com,43,2013-05-25,1
67,gswinley1u@gmail.com,68,1957-11-14,2
68,asleigh1v@gmail.com,60,1984-12-08,1
69,hbraybrookes1w@gmail.com,30,2015-02-23,0
70,sramsdell1x@gmail.com,27,1976-07-01,2
71,esnare1y@gmail.com,67,2011-08-16,1
72,gellwood1z@gmail.com,95,1940-06-27,2
73,sbruntje20@gmail.com,36,2018-07-15,1
74,jcape21@gmail.com,28,1947-08-11,0
75,cducker22@gmail.com,94,1965-01-26,0
76,jengel23@gmail.com,41,1988-04-20,2
77,lzettoi24@gmail.com,100,1970-06-21,0
78,dsummers25@gmail.com,26,1963-04-04,2
79,jcanete26@gmail.com,48,1906-07-01,2
80,vconlaund27@gmail.com,55,1905-03-01,2
81,rmeddick28@gmail.com,26,2022-12-20,1
82,aobeirne29@gmail.com,12,2002-12-25,2
83,sstrelitzki2a@gmail.com,10,1909-05-07,2
84,hlattimore2b@gmail.com,16,1922-10-22,1
85,charrowing2c@gmail.com,11,2023-04-25,1
86,adaltrey2d@gmail.com,55,2003-06-06,2
87,fkettles2e@gmail.com,53,1964-02-27,2
88,amccaskill2f@gmail.com,16,1971-01-05,1
89,froostan2g@gmail.com,51,1953-10-08,1
90,mberrycloth2h@gmail.com,56,1955-07-06,2
91,lmapston2i@gmail.com,63,1954-06-24,2
92,skernocke2j@gmail.com,90,1944-11-13,0
93,aalfonzo2k@gmail.com,86,1986-05-07,2
94,svanin2l@gmail.com,42,1959-07-18,0
95,jseger2m@gmail.com,38,1957-12-06,0
96,diacomi2n@gmail.com,85,1902-02-03,2
97,rgrene2o@gmail.com,22,2001-04-20,0
98,jquainton2p@gmail.com,72,1966-07-26,0
99,anequest2q@gmail.com,95,1942-09-28,1
100,wdrought2r@gmail.com,62,1962-02-15,1
101,pgollin2s@gmail.com,99,1974-03-07,1
102,pbyard2t@gmail.com,76,1988-09-03,2
103,chumbie2u@gmail.com,80,1993-11-13,2
104,horiel2v@gmail.com,33,1911-05-30,1
105,lbernt2w@gmail.com,19,1968-06-09,1
106,sgriswaite2x@gmail.com,36,1919-04-26,1
107,ajatczak2y@gmail.com,71,1915-04-12,1
108,bbruster2z@gmail.com,81,1949-07-10,1
109,sgarrish30@gmail.com,42,1938-09-23,1
110,mchadburn31@gmail.com,45,1946-05-06,1
111,csaunder32@gmail.com,40,2003-09-23,2
112,aselkirk33@gmail.com,44,1993-12-18,1
113,qayce34@gmail.com,31,1957-12-19,2
114,rfideler35@gmail.com,35,1989-11-08,1
115,gstickley36@gmail.com,85,2000-01-05,0
116,yboorer37@gmail.com,20,1987-05-06,1
117,uclee38@gmail.com,38,2003-06-23,2
118,bkollatsch39@gmail.com,12,1967-10-19,1
119,kmcgeoch3a@gmail.com,41,1934-10-01,1
120,fstoodale3b@gmail.com,12,1942-04-05,1
121,kuridge3c@gmail.com,12,1995-02-14,1
122,lbalma3d@gmail.com,92,2015-03-01,1
123,cjon3e@gmail.com,51,2022-05-29,2
124,chinchshaw3f@gmail.com,96,2000-11-09,1
125,gleys3g@gmail.com,15,1959-11-20,0
126,wauchterlonie3h@gmail.com,20,1918-07-28,0
127,ktombs3i@gmail.com,68,1964-07-01,0
128,kdegoey3j@gmail.com,24,1906-11-22,2
129,ayitzhok3k@gmail.com,71,1955-10-08,1
130,dfaers3l@gmail.com,10,1947-06-28,0
131,peighteen3m@gmail.com,55,2020-06-14,0
132,alaffranconi3n@gmail.com,54,1931-04-21,2
133,hsiehard3o@gmail.com,64,2017-08-14,0
134,gspurriar3p@gmail.com,70,2006-08-16,1
135,clazarus3q@gmail.com,84,1987-10-08,1
136,kmolnar3r@gmail.com,93,1912-05-21,2
137,bsallan3s@gmail.com,38,1958-07-13,2
138,ngotecliffe3t@gmail.com,52,2015-05-22,1
139,nsaunton3u@gmail.com,99,1971-10-17,2
140,emortel3v@gmail.com,57,1910-03-08,1
141,gdilley3w@gmail.com,28,1991-01-21,2
142,keloy3x@gmail.com,78,1912-07-06,1
143,fharrema3y@gmail.com,28,2016-06-24,0
144,ocomizzoli3z@gmail.com,56,1976-05-12,1
145,jsimeons40@gmail.com,72,1985-04-24,0
146,mgiacomucci41@gmail.com,73,2007-12-24,2
147,wmoulden42@gmail.com,89,1994-02-15,2
148,gszachniewicz43@gmail.com,72,2023-12-05,0
149,ndebruijn44@gmail.com,69,2003-02-13,0
150,jroselli45@gmail.com,41,1910-09-12,0
151,kharrap46@gmail.com,16,2000-10-17,0
152,tpren47@gmail.com,78,2001-01-14,2
153,ashardlow48@gmail.com,84,1903-07-16,2
154,gcaughtry49@gmail.com,73,2015-10-10,1
155,hfollacaro4a@gmail.com,14,2005-02-16,2
156,drising4b@gmail.com,73,1921-06-20,2
157,dcorson4c@gmail.com,64,1995-03-06,2
158,pchinnock4d@gmail.com,48,1980-02-05,2
159,odebischop4e@gmail.com,38,1949-07-19,0
160,bbony4f@gmail.com,44,2019-02-22,0
161,hdorrins4g@gmail.com,83,1954-05-27,1
162,fbantham4h@gmail.com,22,2009-09-04,2
163,jproom4i@gmail.com,63,1998-01-24,0
164,adranfield4j@gmail.com,99,1984-09-07,2
165,rgouck4k@gmail.com,10,1911-07-28,2
166,afarrear4l@gmail.com,96,1917-01-17,0
167,qbindley4m@gmail.com,31,2000-09-06,1
168,ndonnison4n@gmail.com,70,1966-07-06,0
169,ccarleman4o@gmail.com,44,2003-05-26,2
170,lmarunchak4p@gmail.com,76,1975-12-10,0
171,idarco4q@gmail.com,72,1927-08-17,0
172,mdench4r@gmail.com,97,1962-07-02,1
173,obeamiss4s@gmail.com,39,1911-07-15,1
174,akeedy4t@gmail.com,77,1989-11-23,2
175,mpacquet4u@gmail.com,47,1998-03-22,2
176,bsarath4v@gmail.com,57,2017-03-31,2
177,mgerish4w@gmail.com,36,1963-12-27,0
178,zscrace4x@gmail.com,93,2014-11-12,2
179,oaskwith4y@gmail.com,32,2010-07-31,1
180,ccawthery4z@gmail.com,27,1978-05-21,1
181,mwackly50@gmail.com,67,2013-05-22,0
182,mgleaves51@gmail.com,66,1992-09-21,1
183,llimon52@gmail.com,88,1977-10-08,0
184,cphythean53@gmail.com,96,1987-06-03,0
185,bwalkingshaw54@gmail.com,69,1928-10-14,0
186,etichelaar55@gmail.com,23,1951-07-01,1
187,mdevaar56@gmail.com,100,1965-11-12,1
188,ajorczyk57@gmail.com,98,2008-05-27,1
189,jlivett58@gmail.com,94,1927-08-27,1
190,vmaginn59@gmail.com,22,2024-10-18,0
191,sstefi5a@gmail.com,93,2005-05-14,0
192,kbonwell5b@gmail.com,82,1967-12-22,1
193,bbindley5c@gmail.com,53,2019-01-15,0
194,cblowfelde5d@gmail.com,18,2008-09-21,1
195,wbabin5e@gmail.com,96,1970-10-05,0
196,fdrewet5f@gmail.com,99,1997-04-20,2
197,chusband5g@gmail.com,37,1996-12-15,0
198,hleechman5h@gmail.com,55,1911-12-01,1
199,tpetett5i@gmail.com,91,1996-09-05,0
200,eboulter5j@gmail.com,17,1931-05-16,0
201,rschelle5k@gmail.com,38,2016-08-28,2
202,ggarken5l@gmail.com,93,1988-07-23,1
203,pdolby5m@gmail.com,68,1937-04-26,0
204,mmurrey5n@gmail.com,26,1960-08-09,2
205,fchidler5o@gmail.com,88,1961-08-24,2
206,ibartalin5p@gmail.com,77,1942-08-27,0
207,ttowse5q@gmail.com,77,1919-11-02,0
208,mdevo5r@gmail.com,79,1910-01-30,2
209,kwhyte5s@gmail.com,100,1947-01-06,1
210,agiannotti5t@gmail.com,68,1984-02-21,2
211,chablet5u@gmail.com,27,1917-11-23,0
212,njaimez5v@gmail.com,90,2020-11-03,1
213,skosiada5w@gmail.com,58,1926-08-24,2
214,swaddingham5x@gmail.com,74,1930-08-06,1
215,dlankester5y@gmail.com,88,1974-07-16,0
216,tferenczy5z@gmail.com,35,2018-02-01,1
217,koliphard60@gmail.com,41,2012-02-08,0
218,dbrentnall61@gmail.com,96,1967-05-10,2
219,mcaulwell62@gmail.com,87,1906-08-31,2
220,dhalwill63@gmail.com,64,1989-06-14,0
221,mprescott64@gmail.com,38,2012-08-14,0
222,rphilbrick65@gmail.com,70,1969-01-23,1
223,efreake66@gmail.com,40,1924-06-20,0
224,kanthill67@gmail.com,54,1952-07-05,1
225,dlovat68@gmail.com,27,1922-12-20,0
226,kbrezlaw69@gmail.com,95,1971-07-16,2
227,eralph6a@gmail.com,42,1911-02-12,1
228,kbrosnan6b@gmail.com,82,2008-07-27,2
229,rkubicek6c@gmail.com,81,1942-03-17,2
230,ggentry6d@gmail.com,17,2014-04-30,0
231,smcgebenay6e@gmail.com,63,1967-12-03,1
232,hcamell6f@gmail.com,60,2020-05-15,1
233,dsleite6g@gmail.com,30,1915-12-12,2
234,rchadwen6h@gmail.com,80,1992-11-22,0
235,hdiprose6i@gmail.com,11,1900-12-19,1
236,vspringthorp6j@gmail.com,57,1949-11-06,0
237,ecrook6k@gmail.com,46,1909-05-07,0
238,ckemmet6l@gmail.com,80,2007-11-20,1
239,mlancastle6m@gmail.com,88,1986-09-07,0
240,aguilliland6n@gmail.com,34,1985-08-27,2
241,cdumphry6o@gmail.com,96,1994-08-28,1
242,apickerin6p@gmail.com,39,1947-06-27,0
243,dson6q@gmail.com,14,1912-01-07,2
244,ajeanes6r@gmail.com,17,1972-03-28,2
245,jpochin6s@gmail.com,69,1943-03-24,2
246,ejozsa6t@gmail.com,41,1965-03-23,1
247,ffarden6u@gmail.com,44,1945-08-04,1
248,csyred6v@gmail.com,86,1942-10-08,0
249,broiz6w@gmail.com,24,1987-05-05,2
250,ebiggans6x@gmail.com,59,1929-04-12,1
251,slosemann6y@gmail.com,35,2016-11-12,0
252,adolan6z@gmail.com,69,1991-07-17,0
253,oferriday70@gmail.com,15,2008-11-26,0
254,csurr71@gmail.com,50,1964-06-12,0
255,abraemer72@gmail.com,23,1946-05-16,0
256,rcamplen73@gmail.com,65,1918-09-01,2
257,jmuzzullo74@gmail.com,13,2008-05-08,2
258,moakman75@gmail.com,24,1939-08-16,1
259,cgirardet76@gmail.com,80,1925-05-05,1
260,lgeake77@gmail.com,70,1909-05-01,0
261,jcordingly78@gmail.com,91,1967-12-25,2
262,gczajkowski79@gmail.com,69,2008-09-08,1
263,pwashtell7a@gmail.com,58,2018-08-01,2
264,htrowel7b@gmail.com,63,2022-04-02,0
265,ldebow7c@gmail.com,37,2019-10-18,1
266,ssizey7d@gmail.com,16,1971-04-06,1
267,kkeenlyside7e@gmail.com,49,1948-11-18,1
268,bdelouch7f@gmail.com,43,2016-07-05,2
269,clenden7g@gmail.com,88,2019-11-03,2
270,thebdon7h@gmail.com,85,1994-03-25,2
271,mbasden7i@gmail.com,91,1985-03-28,1
272,crubanenko7j@gmail.com,42,1904-12-26,1
273,cbaldi7k@gmail.com,79,2003-11-12,2
274,dbrattell7l@gmail.com,96,1956-11-08,2
275,lmaskell7m@gmail.com,29,1973-04-16,0
276,lklimkowski7n@gmail.com,18,1999-02-25,1
277,dloudyan7o@gmail.com,84,2000-07-17,2
278,cblakeston7p@gmail.com,16,1998-06-18,2
279,nmayte7q@gmail.com,22,1934-07-25,2
280,pmottershaw7r@gmail.com,16,1992-02-24,0
281,bikin7s@gmail.com,33,2017-02-21,2
282,vcoughan7t@gmail.com,26,2005-07-22,0
283,jmanketell7u@gmail.com,17,1944-04-05,1
284,cduff7v@gmail.com,15,1966-09-14,1
285,dpimblotte7w@gmail.com,64,2013-06-15,2
286,bdewerson7x@gmail.com,59,1926-02-21,1
287,gsach7y@gmail.com,97,2020-07-25,1
288,lcoppo7z@gmail.com,11,1996-08-08,0
289,wpennick80@gmail.com,50,1959-12-17,2
290,pschusterl81@gmail.com,59,1906-10-10,0
291,eanersen82@gmail.com,19,1963-04-08,0
292,maldham83@gmail.com,99,1903-11-25,2
293,wdraisey84@gmail.com,32,1982-07-10,1
294,sharriss85@gmail.com,13,1921-07-29,2
295,espelsbury86@gmail.com,31,2013-08-31,2
296,mrubenchik87@gmail.com,11,1903-12-31,0
297,slankford88@gmail.com,91,1986-11-17,2
298,gwillans89@gmail.com,16,2002-09-25,1
299,egirardet8a@gmail.com,26,1934-11-03,0
300,kroma8b@gmail.com,68,1919-06-10,2
301,lvergine8c@gmail.com,35,2020-12-19,0
302,akettleson8d@gmail.com,50,1905-01-25,2
303,dseadon8e@gmail.com,97,1987-10-09,0
304,kseville8f@gmail.com,41,2006-08-25,2
305,mlivermore8g@gmail.com,68,1905-10-04,0
306,pbarks8h@gmail.com,59,2023-10-26,0
307,dhimsworth8i@gmail.com,46,1924-12-05,2
308,mox8j@gmail.com,22,1973-05-31,1
309,bdauby8k@gmail.com,66,2011-05-10,1
310,sallsopp8l@gmail.com,51,1997-08-26,0
311,ecrowdace8m@gmail.com,55,1996-11-27,1
312,cocassidy8n@gmail.com,31,1979-12-24,0
313,gwolseley8o@gmail.com,85,1997-09-21,1
314,eboggas8p@gmail.com,87,2023-02-13,0
315,snorville8q@gmail.com,81,1970-06-23,1
316,cterney8r@gmail.com,32,2004-05-16,2
317,tgirodin8s@gmail.com,60,1915-04-13,0
318,lgaenor8t@gmail.com,34,2008-03-08,2
319,kmcaughtry8u@gmail.com,79,1957-11-04,2
320,jtrynor8v@gmail.com,42,1996-06-10,0
321,afontin8w@gmail.com,73,1985-05-22,1
322,lchasen8x@gmail.com,74,1910-02-14,1
323,ebruneton8y@gmail.com,51,1997-11-19,1
324,jdeppen8z@gmail.com,33,1941-05-18,2
325,jbeeckx90@gmail.com,66,1924-03-08,2
326,lwiddowes91@gmail.com,67,1974-11-30,1
327,eplaistowe92@gmail.com,78,1958-11-07,0
328,mfairham93@gmail.com,64,2006-04-21,2
329,jwaterdrinker94@gmail.com,58,2009-04-15,1
330,pyellep95@gmail.com,97,1917-07-19,0
331,dthomkins96@gmail.com,73,2001-12-03,1
332,kcraighead97@gmail.com,61,1980-10-30,0
333,cpaute98@gmail.com,21,1970-08-05,0
334,lanslow99@gmail.com,59,1972-10-16,2
335,jtrainer9a@gmail.com,91,1987-05-11,0
336,apeeter9b@gmail.com,61,1936-09-06,2
337,rbartelsellis9c@gmail.com,54,1967-06-27,1
338,dcreswell9d@gmail.com,20,2009-01-25,2
339,bcacacie9e@gmail.com,85,1923-08-28,0
340,iallingham9f@gmail.com,29,1988-12-25,0
341,mbilfoot9g@gmail.com,98,1901-02-10,2
342,ahundal9h@gmail.com,51,1935-01-26,2
343,crannie9i@gmail.com,98,1907-08-12,1
344,lgodding9j@gmail.com,94,1912-05-30,0
345,csharply9k@gmail.com,36,1954-11-10,2
346,nredsull9l@gmail.com,99,2012-06-22,2
347,tharce9m@gmail.com,26,1972-09-13,0
348,tstack9n@gmail.com,41,2007-02-28,1
349,faxston9o@gmail.com,44,2024-07-13,0
350,nkoene9p@gmail.com,24,2011-02-23,0
351,zdorant9q@gmail.com,100,1927-03-24,1
352,ddenekamp9r@gmail.com,33,2012-05-15,0
353,kbarnsdall9s@gmail.com,10,1983-06-24,1
354,zeyres9t@gmail.com,49,1979-03-13,1
355,tblewmen9u@gmail.com,56,2006-10-20,2
356,adaniel9v@gmail.com,58,1957-01-23,1
357,jcarson9w@gmail.com,17,1918-10-09,0
358,mbradick9x@gmail.com,38,1925-03-03,1
359,lsimmill9y@gmail.com,22,1972-02-27,0
360,bhearnes9z@gmail.com,97,1970-05-21,0
361,pkainesa0@gmail.com,37,1964-04-10,0
362,bhumblestonea1@gmail.com,11,1980-04-03,1
363,pleela2@gmail.com,52,1992-06-22,0
364,lwraggsa3@gmail.com,88,1985-06-14,2
365,lcrabba4@gmail.com,15,1972-06-02,2
366,dkennicotta5@gmail.com,49,1949-07-23,2
367,dtomicha6@gmail.com,22,1916-06-22,2
368,cprobatea7@gmail.com,27,1955-03-02,0
369,hjossea8@gmail.com,14,1916-10-25,2
370,jmompessona9@gmail.com,53,2021-12-11,2
371,ericcardaa@gmail.com,99,1959-07-31,2
372,mkitchinghamab@gmail.com,48,1997-04-02,2
373,bgarmonsac@gmail.com,54,2015-11-29,1
374,dcomminad@gmail.com,36,2017-08-02,1
375,ascandriteae@gmail.com,39,1980-11-05,0
376,fzimmermeisteraf@gmail.com,54,1982-05-14,1
377,cfuzzardag@gmail.com,67,1959-03-10,1
378,csantah@gmail.com,62,1923-08-11,1
379,mbaughnai@gmail.com,70,1929-03-26,1
380,jsprittaj@gmail.com,88,1999-09-05,2
381,lhyldenak@gmail.com,92,1936-03-06,1
382,rgoultal@gmail.com,54,1914-01-04,0
383,ckettemanam@gmail.com,24,2019-11-22,2
384,hbossean@gmail.com,58,1904-04-02,0
385,msallissao@gmail.com,15,2016-08-05,0
386,acarlettoap@gmail.com,95,2004-11-07,1
387,vmogfordaq@gmail.com,12,1972-12-26,2
388,kcanacottar@gmail.com,100,1949-07-10,0
389,eweblinas@gmail.com,21,1910-02-06,2
390,ayellowleyat@gmail.com,14,1908-05-27,0
391,lshallcrossau@gmail.com,47,1976-04-03,1
392,josherrinav@gmail.com,15,1929-02-11,0
393,igrundyaw@gmail.com,66,1922-02-05,0
394,rgayax@gmail.com,22,1945-01-04,0
395,fhardageay@gmail.com,54,1901-07-21,0
396,rclaptonaz@gmail.com,76,1999-02-12,0
397,mivanyukovb0@gmail.com,60,1903-07-06,0
398,wnorthamb1@gmail.com,32,2019-04-28,0
399,bstarsmoreb2@gmail.com,85,2019-12-09,0
400,acambellb3@gmail.com,91,1912-07-31,2
401,lphilpb4@gmail.com,32,1996-11-08,1
402,vabryb5@gmail.com,46,1978-08-12,1
403,dleveneb6@gmail.com,88,1971-12-10,0
404,fbethamb7@gmail.com,17,1926-09-20,2
405,hstillyb8@gmail.com,33,1905-05-10,1
406,gtodorb9@gmail.com,66,1957-06-25,0
407,scoryndonba@gmail.com,91,1931-12-23,1
408,csabanbb@gmail.com,99,1994-06-03,1
409,lcalverbc@gmail.com,93,1952-09-07,1
410,hdrinkallbd@gmail.com,96,1937-10-09,1
411,abernardeaube@gmail.com,70,1911-10-06,1
412,adukebf@gmail.com,93,1983-01-05,2
413,nolivazzibg@gmail.com,13,1920-02-09,0
414,msollittbh@gmail.com,13,1923-07-15,1
415,mnattbi@gmail.com,85,1913-12-21,0
416,jstanderingbj@gmail.com,52,1936-09-26,0
417,lkinnearbk@gmail.com,76,1936-08-10,0
418,hoakwoodbl@gmail.com,16,1914-08-11,0
419,espadaribm@gmail.com,30,1963-01-10,0
420,mnewbn@gmail.com,39,1910-12-25,2
421,aquadribo@gmail.com,53,2014-01-15,2
422,rhattambp@gmail.com,31,2000-07-25,0
423,kreglarbq@gmail.com,64,1993-07-18,1
424,jmabenbr@gmail.com,43,1966-01-06,1
425,ditzchakybs@gmail.com,91,2009-05-21,0
426,fbenoistbt@gmail.com,55,1901-05-22,0
427,emacririebu@gmail.com,93,2017-12-13,0
428,fouchterlonybv@gmail.com,41,1914-04-20,0
429,jbravingtonbw@gmail.com,45,2003-07-10,2
430,apinnegarbx@gmail.com,61,1907-09-13,0
431,adornby@gmail.com,80,1966-02-23,1
432,aroggebz@gmail.com,18,1940-11-27,1
433,bedyc0@gmail.com,22,1957-09-20,0
434,prapaportc1@gmail.com,89,1982-04-02,2
435,wrangallc2@gmail.com,94,2017-05-19,1
436,jsherringhamc3@gmail.com,61,1918-10-17,2
437,rbartlettc4@gmail.com,50,1993-04-13,1
438,gbaileyc5@gmail.com,73,1904-01-05,0
439,pcutcheyc6@gmail.com,58,1966-07-14,0
440,rdonhardtc7@gmail.com,54,1927-02-07,1
441,kmcgarviec8@gmail.com,14,1909-08-07,1
442,mcaberasc9@gmail.com,47,1927-06-24,1
443,lmuntca@gmail.com,28,1957-09-23,1
444,fparzizekcb@gmail.com,99,1931-01-20,2
445,mkidstouncc@gmail.com,50,1946-08-19,2
446,dallnattcd@gmail.com,85,2001-07-05,2
447,geidelmance@gmail.com,16,1920-01-12,0
448,cornilloscf@gmail.com,74,1951-04-06,0
449,gbenezcg@gmail.com,56,2011-03-06,0
450,ylaughtissech@gmail.com,26,1965-02-03,0
451,strunkfieldci@gmail.com,42,1906-06-11,0
452,edalgettycj@gmail.com,61,2015-09-22,0
453,lcobbyck@gmail.com,96,1994-08-19,1
454,weliezcl@gmail.com,70,1992-04-11,2
455,mdefreitascm@gmail.com,96,1959-04-27,2
456,mclemontscn@gmail.com,11,2006-09-13,1
457,hcoombeco@gmail.com,20,2019-09-12,2
458,lealamcp@gmail.com,30,1910-10-20,2
459,ejouhningcq@gmail.com,88,1901-11-24,2
460,tbeldhamcr@gmail.com,68,1954-02-01,1
461,evernecs@gmail.com,65,1940-01-08,1
462,dmcpharlainct@gmail.com,92,1969-01-15,1
463,tivanikovcu@gmail.com,11,1951-10-26,1
464,eblazhevichcv@gmail.com,11,1915-04-28,1
465,mlinningcw@gmail.com,44,1978-07-28,2
466,ssollemecx@gmail.com,61,2012-07-01,1
467,tstampcy@gmail.com,94,1906-05-02,0
468,rruprichcz@gmail.com,75,1931-09-06,0
469,ajakubskid0@gmail.com,52,1912-04-04,1
470,wbahlsd1@gmail.com,97,1914-12-08,2
471,sbensteadd2@gmail.com,47,1983-04-21,2
472,ncayleyd3@gmail.com,11,1981-11-29,2
473,hwynterd4@gmail.com,69,1987-12-16,0
474,bbanksd5@gmail.com,97,1903-09-30,2
475,tvasechkind6@gmail.com,12,1963-05-04,0
476,kfoulksd7@gmail.com,29,1966-08-18,2
477,wdymocked8@gmail.com,46,1944-10-08,2
478,rronchkad9@gmail.com,20,2009-07-05,1
479,hheinlda@gmail.com,58,1919-05-25,0
480,aborgesiodb@gmail.com,53,1972-03-02,1
481,cklejindc@gmail.com,22,1910-12-09,1
482,fliffeydd@gmail.com,45,1937-01-28,2
483,eondrasekde@gmail.com,20,1922-11-03,2
484,frevilledf@gmail.com,97,2014-01-06,1
485,smolesdg@gmail.com,29,1903-05-11,1
486,akelshawdh@gmail.com,92,1930-10-07,2
487,sealdendi@gmail.com,36,1957-07-26,1
488,skleinlererdj@gmail.com,92,1910-05-06,0
489,rtabbittdk@gmail.com,17,2023-01-25,0
490,jdestouchedl@gmail.com,62,1973-03-24,1
491,tburnedm@gmail.com,88,2003-01-29,0
492,omugglestondn@gmail.com,98,1977-06-10,0
493,fcarradicedo@gmail.com,15,1944-10-29,0
494,siveansdp@gmail.com,30,1983-07-08,2
495,mgunningdq@gmail.com,10,2007-01-08,1
496,tbernadotdr@gmail.com,60,1909-07-27,2
497,sjoddinsds@gmail.com,68,1924-07-10,1
498,cdorlingdt@gmail.com,66,1920-12-21,2
499,lflaydu@gmail.com,71,1946-05-22,0
